n,name,RADEC,col2,col3,col4,logSFR,logSFR_type,logFUVSFR,logFUVSFR_type
0,AGC102728,    000021.4+310119,0.2,0.58,8.87,,=,-3.07,=
1,UGC12894,    000022.5+392944,1.02,0.87,8.47,-2.29,=,-2.03,=
2,PGC000083,    000106.5+322241,0.74,0.29,9.29,,=,-4.34,<
3,WLM,        000158.1-152740,11.48,0.35,0.98,-2.68,=,-2.23,=
4,AndXVIII,    000214.5+450520,1.6,0.97,1.31,-5.97,<,-5.84,<
5,AGC748778,    000634.4+153039,0.32,0.52,6.22,-4.64,=,-3.53,=
6,AndXX,    000730.7+350756,0.8,0.89,0.8,-6.34,<,-5.96,=
7,UGC00064,    000744.0+405232,1.66,0.56,9.6,-1.51,=,-1.63,=
8,NGC0024,    000956.4-245748,7.24,0.22,7.31,-1.01,=,-0.6,=
9,NGC0045,    001403.9-231056,8.51,0.69,6.64,-0.54,=,-0.45,=
10,PiscesA,    001446.0+104847,0.56,0.62,5.65,-3.67,=,,=
11,NGC0055,    001508.5-391313,37.15,0.17,2.11,-0.36,=,-0.22,=
12,NGC0059,    001525.1-212638,2.29,0.48,4.9,-1.98,=,-2.27,=
13,AndXIX,    001932.1+350237,28.4,0.42,0.93,-6.25,<,-6.27,<
14,IC0010,    002024.5+591730,6.76,0.87,0.79,-1.38,=,,=
15,JKB129,    002041.4+083701,0.66,0.46,8.9,-2.89,=,-2.54,=
16,AndXXVI,    002345.6+475458,2.0,0.65,0.76,-6.36,<,-6.3,<
17,Sc22,    002351.7-244218,0.93,0.78,4.29,-5.56,<,-5.0,=
18,Cetus,    002611.0-110240,4.79,0.67,0.79,-5.51,<,-6.54,<
19,UGC00288,    002904.0+432554,1.07,0.62,6.82,-2.61,=,-2.33,=
20,AndXXV,    003008.9+465107,5.4,0.97,0.81,-6.38,<,-6.28,<
21,NGC0147,    003311.6+483028,13.49,0.61,0.76,-6.33,=,-6.09,<
22,ScuSR,    003351.8-275024,1.05,0.73,4.0,,=,-4.34,=
23,AndIII,    003533.8+362952,4.0,0.41,0.75,-6.21,=,-6.59,<
24,CasIII,    003559.4+513335,13.0,0.5,0.78,-6.35,<,,=
25,AndXXX,    003634.9+493848,3.0,0.57,0.68,-6.52,<,,=
26,AndXVII,    003707.0+441920,2.8,0.5,0.74,-5.57,=,-5.71,=
27,AndXXVII,    003727.1+452313,2.8,0.6,0.83,-6.42,<,-6.32,<
28,KK7,        003742.4-433016,0.54,0.74,10.86,,=,-2.68,=
29,NGC0185,    003858.0+482010,12.3,0.85,0.66,-4.73,=,,=
30,NGC0205,    004022.5+414111,19.5,0.61,0.8,-7.73,<,-3.12,=
31,AndIV,    004232.3+403419,1.0,0.77,7.18,-3.12,=,-2.42,=
32,MESSIER032,    004242.1+405159,8.91,0.71,0.79,-5.88,=,-3.59,=
33,MESSIER031,    004244.5+411609,190.55,0.33,0.77,-0.27,=,-0.01,=
34,DDO226,    004303.8-221501,2.24,0.36,4.92,-2.9,=,-2.46,=
35,AndI,    004540.0+380214,7.8,0.72,0.73,-6.54,=,-6.16,=
36,AndXI,    004620.0+334805,1.2,0.81,0.73,-5.75,=,-5.71,=
37,NGC0247,    004708.3-204536,25.12,0.32,3.72,-0.55,=,-0.25,=
38,AndXII,    004727.0+342229,3.6,0.39,0.83,-6.43,<,-6.2,<
39,NGC0253,    004734.3-251732,37.15,0.22,3.7,0.26,=,0.34,=
40,KDG002,    004921.1-180428,1.23,0.92,3.56,-5.72,<,-3.83,=
41,DDO006,    004949.3-210058,2.29,0.41,3.44,-4.14,=,-2.86,=
42,Bol520,    005042.4+325459,0.2,0.89,0.63,-6.77,<,-6.09,=
43,AndXIV,    005135.0+294149,3.0,0.83,0.73,-5.82,=,-6.49,<
44,AndXIII,    005151.0+330016,1.6,0.39,0.84,-6.42,<,-6.3,<
45,SMC,        005238.0-724801,380.19,0.64,0.06,-1.34,=,,=
46,AndIX,    005252.8+431200,4.0,0.99,0.79,-6.87,=,-6.22,=
47,NGC0300,    005453.5-374057,25.7,0.71,2.09,-0.78,=,-0.56,=
48,AndXVI,    005929.8+322236,2.0,0.71,0.52,-6.76,<,-5.81,=
49,Sculptor,    010009.4-334233,39.81,0.68,0.09,,=,-8.11,=
50,LGS3,    010355.0+215306,2.4,0.58,0.65,-6.85,<,-5.23,=
51,IC1613,    010447.8+020800,19.05,0.9,0.76,-2.35,=,-2.04,=
52,AndX,    010633.7+444816,2.2,0.9,0.63,-5.51,=,-6.39,<
53,UGC00685,    010722.3+164102,2.4,0.71,4.81,-2.25,=,-2.27,=
54,KKH5,    010732.5+512625,0.87,0.62,5.42,-2.6,=,,=
55,NGC0404,    010926.9+354303,3.47,0.95,2.98,-1.5,=,-2.23,=
56,AndV,    011017.1+473741,3.2,0.74,0.81,-6.3,=,,=
57,DoI,        011140.4+343603,0.69,0.68,3.31,,=,-5.21,<
58,AndXV,    011418.7+380703,2.6,0.76,0.76,-6.59,<,,=
59,AndII,    011629.8+332509,10.6,0.84,0.65,-6.63,=,-6.05,=
60,AndXXIV,    011830.0+462158,5.2,0.9,0.6,-6.6,<,,=
61,PiscesB,    011911.7+110718,0.48,0.48,8.91,-3.02,=,-2.8,=
62,AndXXII,    012740.0+280525,1.8,0.39,0.79,-6.12,=,-6.37,<
63,UGC01056,    012847.2+164117,1.0,0.68,10.2,-1.66,=,-1.86,=
64,AndXXIII,    012921.8+384308,10.8,0.59,0.73,-6.05,=,,=
65,UGC01085,    013118.9+074716,1.36,0.65,10.5,,=,-2.17,=
66,UGC01104,    013242.3+181857,1.78,0.6,7.55,-2.01,=,-1.7,=
67,AGC112454,    013259.7+142224,0.78,0.33,10.2,-2.35,=,,=
68,MESSIER033,    013350.8+303937,69.18,0.61,0.93,-0.35,=,-0.25,=
69,AGC114027,    013441.8+143840,0.38,0.46,9.9,-2.85,=,,=
70,KKH6,    013451.6+520530,0.87,0.6,5.18,-3.05,=,-3.82,<
71,NGC0625,    013505.0-412611,7.08,0.28,4.02,-1.2,=,-1.52,=
72,NGC628dwB,    013623.2+155753,0.15,0.58,10.2,,=,-4.09,<
73,NGC0628,    013641.3+154712,11.22,0.94,10.19,0.23,=,0.14,=
74,NGC628dwA,    013717.8+153758,0.32,0.64,10.2,,=,-3.9,<
75,AGC112503,    013800.3+145858,0.42,0.93,10.2,-2.72,=,,=
76,UGC01171,    013944.8+155358,1.29,0.92,10.2,-3.6,=,-2.52,=
77,DDO013,    014009.6+155417,4.57,0.78,9.04,-1.57,=,-1.48,=
78,AGC112521,    014107.9+271926,0.6,0.55,6.08,-4.2,=,-3.88,=
79,KK13,    014216.8+262204,0.71,0.57,7.83,-2.92,=,-2.74,=
80,KDG010,    014341.4+154123,1.45,0.67,7.87,-2.54,=,-3.01,=
81,KK14,    014442.7+271716,0.79,0.37,7.05,-3.5,=,-2.94,=
82,JKB142,    014548.2+162241,0.43,0.58,10.5,-2.11,=,-2.81,=
83,KK15,    014641.6+264805,0.59,0.33,8.67,-3.59,=,-3.02,=
84,N672dwB,    014711.1+274100,0.2,0.75,7.2,-4.47,<,-4.46,<
85,N672dwA,    014719.1+271516,0.26,0.85,7.2,-4.45,<,-4.48,=
86,IC1727,    014730.1+271952,6.92,0.36,7.45,-1.1,=,-0.69,=
87,NGC0672,    014753.2+272601,7.24,0.36,7.18,-0.7,=,-0.45,=
88,UGC01281,    014932.3+323533,5.62,0.18,5.27,-1.94,=,-1.61,=
89,Phoenix,    015106.3-442641,5.5,0.85,0.44,,=,-4.43,=
90,KK16,    015520.6+275715,1.32,0.37,5.62,-3.43,=,-3.0,=
91,KK17,    020009.9+284957,1.0,0.5,5.01,-3.53,=,-3.51,=
92,NGC0784,    020116.8+285037,6.61,0.23,5.37,-1.46,=,-1.33,=
93,UGC01561,    020405.0+241228,1.23,0.72,9.2,-1.89,=,-1.89,=
94,Cas1,    020607.9+690036,2.19,0.77,5.27,-0.95,=,,=
95,UGC01703,    021255.8+324851,0.79,0.55,4.31,-4.83,=,-4.83,<
96,NGC0855,    021403.7+275238,3.09,0.38,9.73,-1.11,=,-1.59,=
97,Segue2,    021916.0+201031,5.4,0.85,0.03,-9.14,<,-7.92,=
98,UGC01807,    022113.4+424546,1.87,0.99,9.95,-1.8,=,-1.65,=
99,NGC0891,    022232.8+422048,13.18,0.29,9.95,-0.09,=,-0.28,=
100,KKH11,    022435.0+560042,1.66,0.54,5.48,-2.18,=,,=
101,DDO019,    022500.2+360216,2.14,0.76,9.55,-1.82,=,-1.65,=
102,NGC0925,    022716.0+333441,11.75,0.56,9.55,-0.01,=,0.12,=
103,Halogas,    022720.0+335730,0.43,0.75,9.55,-2.79,=,-3.0,=
104,KKH12,    022727.0+572916,1.7,0.29,5.57,-1.9,=,,=
105,DDO022,    023254.0+384050,1.74,0.31,9.95,-2.32,=,-2.38,=
106,DDO025,    023318.2+332928,2.57,0.92,9.55,-1.66,<,-1.3,=
107,DDO024,    023343.0+403141,2.62,0.81,9.95,-1.56,<,,=
108,MB1,        023535.6+592247,1.07,0.42,7.35,-1.75,=,,=
109,Maffei1,    023635.5+593918,2.69,0.85,5.6,-2.45,<,,=
110,Fornax,    023954.7-343133,17.78,0.7,0.14,,=,-7.16,=
111,Maffei2,    024154.5+593611,3.8,0.5,5.73,-0.76,=,,=
112,UGC02172,    024210.8+432119,1.41,0.61,9.3,-0.94,=,,=
113,AGC122226,    024638.9+274335,0.85,0.55,8.56,-2.21,=,,=
114,AGC124635,    024838.5+191942,0.62,0.55,9.3,,=,-2.63,=
115,AGC123352,    024839.2+231626,0.33,0.7,8.47,-2.86,=,-3.14,=
116,Dw2,        025408.5+590019,1.0,0.4,6.0,-1.87,=,,=
117,MB3,        025543.6+585142,1.58,0.31,5.47,-3.54,<,,=
118,Dw1,        025656.1+585442,2.0,0.65,6.25,-0.62,=,,=
119,AGC124056,    025736.4+234721,0.23,0.85,7.8,-1.73,<,-4.18,<
120,NGC1156,    025942.4+251415,3.31,0.85,7.8,-0.48,=,-0.47,=
121,N1156dw1,    030018.2+251456,0.38,0.95,7.8,-4.1,<,-3.76,<
122,N1156dw2,    030028.0+251817,0.38,0.8,7.8,-4.24,<,-3.21,=
123,PerseusI,    030123.6+405918,3.4,0.57,0.79,-6.38,<,,=
124,KKH18,    030305.9+334140,0.71,0.57,4.79,-3.21,=,-2.57,=
125,NGC1291,    031718.6-410629,14.45,0.92,9.08,-0.38,=,-0.98,=
126,NGC1313,    031815.4-662951,12.59,0.8,4.31,-0.27,=,-0.09,=
127,NGC1311,    032007.4-521106,4.68,0.25,5.55,-1.55,=,-1.67,=
128,UGC02684,    032023.7+171742,1.95,0.5,6.49,-2.84,=,-2.26,=
129,KK27,    032103.0-661911,1.17,0.33,4.23,,=,-3.67,=
130,UGC02716,    032407.2+174515,1.58,0.56,6.5,-2.25,=,-1.97,=
131,UGC02773,    033207.1+474737,1.2,0.75,7.52,-0.57,=,,=
132,IC1959,    033311.8-502438,4.07,0.23,6.19,-1.38,=,-1.18,=
133,PGC013294,    033556.8-451129,0.62,0.8,7.28,,=,-2.5,=
134,NGC1400,    033930.8-184117,3.47,0.87,24.89,-0.66,=,-1.21,=
135,KKH22,    034456.6+720352,1.05,0.52,3.12,-4.92,<,-4.15,<
136,KK35,    034512.6+675150,2.51,0.68,3.16,-1.61,=,-1.92,=
137,IC0342,    034648.9+680545,21.38,0.91,3.28,-0.26,>,0.6,=
138,UGC02905,    035700.6+163128,1.0,0.6,5.83,-2.59,=,-2.13,=
139,UGCA086,    035949.5+670731,4.47,0.69,2.98,-1.14,=,,=
140,IC2038,    040854.1-555932,2.09,0.24,19.2,,=,-1.46,=
141,NGC1533,    040951.8-560706,3.55,0.82,19.41,-0.28,=,-1.26,=
142,CamA,    042515.6+724821,3.72,0.57,3.56,-2.91,=,-3.43,=
143,NGC1592,    042940.8-272431,1.41,0.48,9.1,-1.28,=,-0.98,=
144,NGC1569,    043049.1+645053,3.98,0.51,3.19,-0.08,=,-0.55,=
145,UGCA092,    043200.3+633650,2.0,0.5,3.22,-1.57,=,,=
146,NGC1560,    043249.9+715252,9.77,0.15,2.99,-1.43,=,-1.34,=
147,NGC1637,    044128.2-025129,4.37,0.79,9.29,-0.48,=,,=
148,CamB,    045306.9+670557,1.48,0.5,3.5,-3.29,=,,=
149,NGC1705,    045413.7-532141,2.24,0.74,5.73,-0.98,=,-0.98,=
150,NGC1744,    045958.2-260136,6.92,0.54,10.0,-0.59,=,-0.2,=
151,NGC1800,    050625.7-315715,2.0,0.55,8.0,-1.25,=,-1.26,=
152,UGCA105,    051415.1+623451,5.5,0.64,3.39,-1.23,=,-1.07,=
153,KKH30,    051742.0+813727,0.85,0.43,4.5,-4.77,<,-4.13,=
154,LMC,        052334.6-694522,645.65,0.85,0.05,-0.52,=,,=
155,UGC03303,    052459.5+043018,5.62,0.78,7.14,-1.11,=,,=
156,KK49,    054141.5+064054,1.15,0.71,10.05,-0.61,=,,=
157,Orion,    054502.0+050406,3.09,0.48,6.79,-1.04,=,,=
158,KKH34,    055941.2+732539,0.93,0.56,7.28,-3.51,=,-3.51,=
159,NGC2188,    061009.5-340622,4.68,0.25,8.39,-0.83,=,,=
160,UGCA127sat,    062054.8-083901,0.69,0.32,8.5,-2.04,=,,=
161,UGCA127,    062055.7-082944,5.25,0.28,8.5,0.12,=,,=
162,N2146sat,    062413.2+775753,0.9,0.72,4.5,-4.73,<,-4.37,=
163,UGC03475,    063028.8+393014,2.09,0.57,20.0,-1.03,=,,=
164,UGC03476,    063029.2+331807,1.48,0.3,12.42,-1.36,=,,=
165,UGC03501,    063838.4+491530,1.12,0.37,15.5,-2.26,=,-1.65,=
166,Carina,    064136.7-505758,24.55,0.67,0.1,,=,-7.58,=
167,IC2171,    064427.3-175557,1.91,0.21,9.9,-1.14,=,,=
168,NGC2283,    064552.7-181237,3.63,0.76,10.0,-0.12,=,,=
169,KKSG9,    064656.9-175629,0.5,0.7,10.0,-1.87,=,,=
170,KKH37,    064745.8+800726,1.15,0.67,3.44,-3.84,=,-3.49,=
171,KKH38,    064754.9+473050,1.38,0.54,10.2,-2.5,=,,=
172,UGC03600,    065540.0+390542,1.91,0.36,10.19,-2.44,=,-1.96,=
173,HIZSS003B,    070024.7-041318,0.33,0.75,6.64,-1.9,=,,=
174,HIZSS003,    070029.3-041230,0.7,0.6,6.64,-2.97,=,,=
175,FG202,    070517.1-583114,1.95,0.47,5.3,-2.13,=,,=
176,NGC2337dwTBG1,070829.7+443726,0.4,0.82,11.9,,=,-3.41,=
177,UGC03698,    070918.8+442248,1.17,0.6,11.27,-1.85,=,-1.82,=
178,NGC2337,    071013.6+442725,2.75,0.75,11.86,-0.62,=,-0.77,=
179,UGC03755,    071351.8+103119,1.86,0.59,7.69,-1.81,=,-1.71,=
180,UGC03817,    072244.5+450630,1.74,0.5,8.55,-2.2,=,-2.17,=
181,DDO043,    072817.2+404613,1.41,0.69,10.47,-1.9,=,-1.71,=
182,NGC2366,    072854.6+691219,7.24,0.36,3.28,-0.95,=,-1.12,=
183,DDO044,    073411.3+665310,2.82,0.67,3.21,-5.19,=,-5.07,=
184,AGC174585,    073610.3+095911,0.4,0.62,7.73,-3.38,=,,=
185,NGC2403,    073651.4+653558,28.18,0.56,3.19,-0.15,=,-0.08,=
186,DDO046,    074125.8+400645,1.78,0.94,10.38,-2.0,=,-1.5,=
187,DDO047,    074155.0+164802,4.68,0.85,8.17,-1.74,=,-1.3,=
188,KK65,    074231.2+163340,1.12,0.56,7.98,-1.87,=,-2.33,=
189,KKH40,    074656.4+511746,0.66,0.72,9.25,-2.41,=,-2.23,=
190,AGC174605,    075021.7+074740,0.34,0.94,9.59,-3.56,=,-2.99,=
191,UGC04115,    075701.8+142327,1.91,0.56,7.87,-1.81,=,-1.66,=
192,NGC2500,    080153.2+504414,3.31,0.84,12.4,-0.38,=,-0.37,=
193,NGC2537,    081314.7+455926,2.57,0.88,12.2,-0.41,=,-0.56,=
194,IC2233,    081358.9+454432,4.9,0.11,12.2,-0.75,>,-0.26,=
195,NGC2541,    081440.1+490342,7.08,0.53,12.4,-0.28,=,0.09,=
196,HolmII,    081904.0+704251,8.91,0.86,3.47,-1.15,=,-1.04,=
197,NGC2552,    081920.5+500035,3.72,0.74,12.4,-0.79,=,-0.65,=
198,AGC188955,    082137.0+041901,0.26,0.55,14.5,-2.11,=,-2.24,=
199,KDG052,    082356.0+710146,1.26,0.92,3.42,-5.23,=,-3.06,=
200,DDO052,    082828.5+415124,1.74,0.5,9.86,-2.43,=,-1.91,=
201,DDO053,    083406.5+661045,2.0,0.87,3.68,-2.13,=,-2.2,=
202,UGC04483,    083703.0+694631,1.32,0.58,3.58,-2.38,=,-2.4,=
203,AGC181604,    083948.7+314052,0.78,0.38,12.88,,=,-2.26,=
204,AGC182595,    085112.1+275248,0.36,0.58,8.47,-2.91,=,-2.92,=
205,UMaII,    085130.0+630748,25.3,0.5,0.03,-9.16,<,-8.84,=
206,NGC2683,    085240.9+332502,13.49,0.24,9.82,-0.1,=,-0.02,=
207,KK69,    085250.7+334752,1.38,0.76,9.16,-3.57,=,-3.53,=
208,NGC2683dw1,    085326.8+331819,0.35,0.63,9.82,-3.11,=,-3.51,=
209,N2683dw2,    085420.5+331458,0.4,0.9,9.82,-4.29,<,-4.34,<
210,KK70,    085522.0+333333,0.5,0.97,9.29,-4.32,=,-4.38,<
211,UGC04704,    085900.3+391236,4.37,0.11,15.2,-1.38,=,-0.89,=
212,UGC04787,    090734.9+331636,2.45,0.28,20.3,-1.19,=,-0.82,=
213,KKH46,    090836.6+051732,0.6,0.86,6.7,-2.6,=,-2.67,=
214,KK71,    090910.9-232204,0.4,0.78,9.8,,=,-3.1,=
215,DDO056,    090946.6-230033,1.29,0.7,10.91,-2.03,=,,=
216,KK72,    091142.3-235856,0.45,0.83,9.8,,=,-4.12,=
217,NGC2784dw01,    091218.5-241240,0.89,0.89,9.8,,=,-3.75,<
218,NGC2784,    091219.4-241018,5.5,0.4,9.82,-1.06,=,-1.21,=
219,KK73,    091229.3-241428,0.62,0.62,9.8,,=,-2.85,=
220,UGCA153,    091312.1-192431,2.24,0.6,21.9,-1.42,=,-1.0,=
221,KK74,    091432.4-233326,0.76,0.71,9.82,,=,-4.06,<
222,AGC198507,    091525.8+252510,0.2,0.75,8.9,-3.92,>,-3.02,=
223,UGC04879,    091602.2+525024,3.24,0.56,1.37,-4.33,=,-3.28,=
224,NGC2835,    091752.9-222119,8.91,0.67,10.3,0.37,=,0.17,=
225,NGC2787,    091918.6+691212,3.31,0.63,7.48,-2.21,=,-2.34,=
226,UGC04932,    091934.1+510633,1.86,0.32,20.6,-1.61,=,-1.26,=
227,KJ78,    092036.4+494031,0.41,0.62,10.86,-3.42,=,-2.83,=
228,DDO062,    092127.5-223002,2.51,0.24,10.86,-1.61,=,-1.42,=
229,AGC198508,    092257.0+245648,0.38,0.57,10.42,-2.52,=,-2.45,=
230,UGC04998,    092512.1+682259,1.78,0.62,8.24,-2.74,=,-2.55,=
231,NGC2915,    092611.5-763735,2.0,0.53,4.29,-1.31,=,-1.16,=
232,UGC05047,    092849.6+513338,1.62,0.28,19.68,-2.22,=,,=
233,KDG056,    093012.9+195930,0.68,0.8,8.9,-4.4,=,-2.99,=
235,NGC2903,    093209.6+213002,12.59,0.48,8.87,0.28,=,0.16,=
236,UGC05086,    093248.9+212754,0.98,0.9,8.7,-4.6,=,-4.43,<
237,LeoT,    093453.4+170305,2.09,0.71,0.42,-5.92,<,-5.69,=
238,KISSB023,    094012.7+293529,0.83,0.34,19.8,,=,-1.37,=
239,KDG058,    094027.0+000233,0.66,0.78,22.93,-3.62,=,-2.32,=
240,HolmI,    094032.3+711111,4.57,0.81,4.02,-2.21,=,-1.85,=
241,UGC05186,    094259.8+331552,1.38,0.23,9.4,-3.9,=,-2.58,=
242,AGC198691,    094332.4+332658,0.14,0.74,10.91,-2.92,=,-3.06,=
243,IC0559,    094443.9+093655,1.32,0.74,9.4,-2.12,=,-1.85,=
244,F8D1,    094447.1+672619,2.19,0.91,3.75,-4.4,=,-4.96,<
245,UGC05209,    094504.2+321418,0.83,0.96,10.19,-2.96,=,-2.44,=
246,FM1,        094510.0+684554,0.89,0.89,3.78,-4.95,=,-5.02,<
247,NGC2976,    094715.6+675449,5.75,0.46,3.66,-1.06,=,-1.33,=
248,AGC191803,    094805.9+070745,0.72,0.47,14.9,,=,-2.21,=
249,KK77,    095010.0+673024,2.4,0.75,3.8,-4.95,=,-4.78,<
250,KK78,    095019.6+312724,0.41,0.6,10.91,-2.76,=,-2.51,=
251,DDO064,    095022.4+312915,2.19,0.38,10.91,-1.3,=,-1.12,=
252,UGC05288,    095117.2+074938,1.45,0.62,11.53,-1.32,=,-1.34,=
253,NGC3037,    095124.0-270040,1.29,0.87,10.28,-1.06,=,-1.22,=
254,BK3N,    095348.5+685809,0.32,0.8,4.17,-5.23,=,-3.49,=
255,KKSG15,    095510.5-061612,1.29,0.23,9.7,-2.77,=,-2.31,=
256,MESSIER081,    095533.5+690400,28.18,0.52,3.7,0.0,=,0.04,=
257,JKB83,    095549.6+691957,0.13,0.74,3.7,-3.49,=,-4.24,=
258,MESSIER082,    095553.9+694057,11.48,0.38,3.61,0.21,=,-0.4,=
259,DDO068C,    095641.1+290051,0.45,0.62,12.7,-3.92,<,-2.67,=
260,DDO068,    095645.7+284930,2.0,0.37,12.74,-1.51,=,-1.04,=
261,KDG061,    095702.7+683530,1.41,0.58,3.66,-4.67,<,-4.82,=
262,KDG61em,    095707.5+683554,0.18,0.89,3.7,-3.18,=,-3.79,=
263,PGC154449,    095708.9-091548,0.93,0.7,9.7,,=,-2.4,=
264,ClumpI,    095721.2+684255,0.18,0.72,3.6,-4.88,<,-5.07,<
265,HolmIX,    095732.4+690235,2.63,0.8,3.85,-2.84,=,-2.03,=
266,PGC28789,    095800.9+471928,1.47,0.18,10.76,,=,-2.09,=
267,AGC718245,    095816.2+210520,0.7,0.84,10.42,,=,-2.67,=
268,AGC198712,    095910.3+360223,0.29,0.3,10.81,,=,-2.85,=
269,LeoA,    095926.4+304447,5.75,0.61,0.74,-4.1,=,-3.29,=
270,KKSG16,    095947.5-092036,0.87,0.78,9.7,,=,-4.21,<
271,SexB,    100000.1+051956,6.03,0.69,1.43,-2.88,=,-2.37,=
272,KKH57,    100016.0+631106,0.6,0.83,3.68,-5.02,=,-5.22,<
273,ClumpIII,    100040.4+683937,0.1,0.95,3.6,-4.18,=,-5.07,<
274,KKSG17,    100138.4-081456,1.66,0.21,6.92,-3.4,=,-2.71,=
275,UGCA193,    100236.2-060043,4.27,0.07,9.7,-1.87,=,-1.45,=
276,NGC3109,    100307.2-260936,19.95,0.19,1.34,-1.76,=,-1.37,=
277,NGC3077,    100321.0+684402,6.46,0.83,3.85,-1.06,=,-1.48,=
278,GARLAND,    100342.0+684136,3.98,0.6,3.82,-2.17,=,-2.64,=
279,NGC3104,    100357.4+404525,3.55,0.56,16.0,-0.77,=,-0.53,=
280,Antlia,    100404.0-271955,2.0,0.75,1.37,,=,-3.52,=
281,BK5N,    100440.3+681520,0.79,0.75,3.7,-5.13,=,-5.4,=
282,UGC05427,    100441.0+292159,1.38,0.67,11.3,-1.92,=,-1.59,=
283,KDG063,    100507.3+663318,1.91,0.88,3.65,-4.14,=,-4.98,<
284,NGC3115,    100514.0-074307,8.51,0.35,9.68,-4.0,<,-1.14,=
285,UGC05423,    100530.6+702152,1.07,0.67,8.87,-1.85,=,-1.95,=
286,KDG065,    100534.4-074457,1.07,0.69,9.7,,=,-4.49,=
287,KKSG18,    100541.6-075853,1.51,0.8,9.7,-2.81,=,-2.83,=
288,KDG064,    100701.9+674939,1.95,0.47,3.75,-4.44,=,-5.51,=
289,UGC05456,    100719.7+102144,1.62,0.5,10.52,-1.26,=,-1.16,=
290,KKH58,    100722.7+385811,1.26,0.48,18.4,-1.11,=,-1.2,=
291,IKN,        100805.9+682357,2.69,0.85,3.75,-4.91,=,-5.07,<
292,AGC208477,    100919.8+275644,0.22,0.68,9.73,,=,-3.0,=
293,PGC1099440,    100932.5-021058,0.74,0.64,9.64,,=,-2.02,=
294,SexA,    101100.8-044134,5.89,0.83,1.45,-2.33,=,-1.92,=
295,UGC05497,    101248.4+640627,0.89,0.74,3.73,-3.65,>,-3.22,=
296,SexDSph,    101303.0-013652,30.2,0.65,0.09,,=,-7.77,=
297,NGC3184,    101817.0+412528,7.41,0.93,11.12,-0.02,=,-0.05,=
298,PGC30114,    101843.0+460244,1.53,0.3,11.32,-1.45,=,-1.58,=
299,UGC05571,    101942.4+520356,1.2,0.4,8.24,-2.57,=,-2.24,=
300,HS117,    102125.2+710658,1.51,0.6,3.96,-4.82,=,-4.32,=
301,LeoP,    102145.1+180517,0.55,0.54,1.73,-4.27,=,,=
302,AGC731448,    102345.0+270639,0.48,0.66,9.73,,=,-2.51,=
303,KKSG19,    102428.3-122557,0.69,0.86,6.21,,=,-4.6,<
304,NGC3239,    102504.9+170949,5.01,0.61,10.17,-0.23,=,-0.18,=
305,DDO078,    102627.9+673924,2.0,0.95,3.48,-5.07,=,-4.82,=
306,UGC05672,    102820.9+223417,3.09,0.28,9.33,-2.14,=,-2.16,=
307,IC2574,    102822.4+682458,13.18,0.41,3.93,-1.0,=,-0.8,=
308,AGC749315,    102906.4+265438,0.11,0.86,9.46,-4.04,=,-3.17,=
309,DDO082,    103035.0+703710,3.39,0.59,3.93,-2.56,=,-2.6,=
310,AGC731457,    103155.8+280133,0.38,0.64,10.52,-2.68,=,-2.32,=
311,NGC3274,    103217.1+274007,2.4,0.48,7.98,-1.06,=,-0.94,=
312,BK6N,    103431.9+660042,1.1,0.64,3.31,-5.12,=,-5.34,<
313,UMaI,    103448.8+515606,18.0,0.2,0.1,-8.28,<,-8.36,<
314,AGC202248,    103456.1+112932,0.37,0.74,22.18,,=,-2.13,=
315,PGC2277751,    103512.1+461412,0.46,0.63,9.73,-3.59,=,-2.89,=
316,LeG03,    103548.8+082847,0.95,0.23,21.88,-3.04,=,,=
317,NGC3299,    103623.8+124227,2.4,0.77,10.4,-1.42,=,-1.63,=
318,DDO083,    103643.3+313248,2.04,0.4,10.9,-1.86,=,-1.59,=
319,AGC205165,    103704.8+152015,0.72,0.74,10.4,,=,-2.62,=
320,AGC200499,    103808.0+102251,0.85,0.78,25.12,-1.22,=,,=
321,AGC208397,    103858.1+035227,0.17,0.6,10.2,,=,-3.42,=
322,UGC05797,    103925.2+014307,1.23,0.87,10.42,-2.14,=,-1.92,=
323,LeG04,    103940.2+124406,0.52,0.5,10.4,,=,-4.29,<
324,LeG05,    103943.3+123804,0.6,0.53,10.4,,=,-3.39,=
325,LeG06,    103955.7+135428,0.63,0.65,10.4,-4.31,<,-3.55,=
326,AGC208399,    104010.7+045432,0.56,0.88,10.1,-3.41,<,-4.32,<
327,UGC05812,    104056.6+122819,1.48,0.4,10.4,,=,-2.26,=
328,FS04,    104200.3+122006,1.0,0.46,10.4,,=,-2.56,=
329,LeG09,    104234.6+120902,0.71,0.83,10.19,,=,-4.32,<
330,DDO084,    104241.9+342656,4.47,0.74,9.95,-1.08,=,-0.8,=
331,N3344dw1,    104244.0+250130,0.3,0.65,9.82,-4.24,<,-4.26,<
332,AGC205268,    104252.4+134428,0.38,0.46,16.9,,=,-2.77,=
333,NGC3344,    104330.2+245525,7.59,0.9,9.82,-0.08,=,-0.13,=
334,LeG10,    104355.4+120807,0.16,0.95,10.4,,=,-4.47,=
335,NGC3351,    104357.7+114213,7.24,0.68,9.95,-0.18,=,-0.33,=
336,LeG11,    104402.1+153520,0.35,0.9,10.4,,=,-4.28,<
337,LeG12,    104407.8+113159,0.22,0.8,10.4,,=,-3.51,=
338,AGC205445,    104435.3+135623,0.6,0.84,10.4,,=,-3.71,=
339,LeG13,    104457.6+115458,0.42,0.44,10.4,-3.64,<,-3.04,=
340,LeG14,    104614.4+125736,0.36,0.88,10.0,,=,-4.34,<
341,KK93,    104624.8+140130,0.58,0.94,9.51,,=,-4.36,<
342,LeG16,    104630.0+114521,0.29,0.98,10.4,,=,-4.25,<
343,NGC3368,    104645.8+114911,8.91,0.68,10.42,-0.36,=,-0.54,=
344,LeG18,    104653.3+124440,0.8,0.75,10.19,,=,-4.39,=
345,LeG19,    104654.8+124717,0.37,0.7,10.4,-4.2,<,-4.33,<
346,KK94,    104657.3+125954,0.58,0.85,10.19,,=,-4.35,=
347,LeG21,    104700.8+125735,0.25,0.75,10.4,,=,-4.08,=
348,NGC3368dwTBG,104708.0+111702,0.35,0.95,10.4,,=,-4.31,<
349,DDO088,    104722.3+140413,2.14,0.95,7.73,-2.22,=,-1.96,=
350,NGC3377,    104742.4+135908,5.25,0.58,10.42,-1.79,=,-2.29,=
351,NGC3379,    104749.6+123454,5.37,0.89,11.32,-3.1,=,,=
352,NGC3384,    104816.9+123745,5.5,0.45,9.42,-4.37,<,,=
353,PGC032348,    104853.7+140728,0.96,0.64,10.4,,=,-4.08,<
354,UGC05923,    104907.6+065502,1.26,0.47,20.3,-1.26,=,-1.35,=
355,Willman1,    104921.0+510300,3.7,0.53,0.04,-9.07,<,-8.51,=
356,DDO087,    104936.5+653150,1.58,0.9,8.51,-2.36,=,-1.9,=
357,LeG22,    104937.1+112106,0.56,0.66,10.4,,=,-4.29,<
358,MRK1265,    104940.4+225019,0.34,0.61,7.76,,=,-2.38,=
359,AGC740112,    104955.4+230406,0.39,0.6,9.91,,=,-4.65,=
360,LeG23,    105009.1+132901,0.18,0.95,10.4,,=,-3.69,=
361,UGC05944,    105019.1+131619,1.12,0.97,11.07,,=,-4.38,=
362,KK96,    105027.1+122139,0.6,0.8,10.0,,=,-4.4,=
363,NGC3412,    105053.3+132444,3.98,0.56,11.32,-1.44,=,-2.4,=
364,NGC3413,    105120.7+324559,2.22,0.51,12.02,-0.92,=,-1.04,=
365,LeG26,    105121.1+125057,0.69,0.89,10.4,,=,-3.77,=
366,AGC205540,    105131.4+140653,0.32,0.62,10.4,,=,-4.65,=
367,KKH65,    105159.1+282145,0.58,0.86,10.0,,=,-4.36,<
368,AGC205544,    105204.8+150150,0.45,0.8,10.4,,=,-4.32,<
369,UGC05983,    105217.5+363536,1.1,0.61,9.2,,=,-3.39,=
370,AGC202456,    105219.5+110236,0.72,0.89,10.4,,=,-4.31,<
371,LeG27,    105220.1+144226,0.37,0.67,10.4,,=,-3.92,=
372,NGC3432,    105231.1+363708,5.37,0.22,9.2,-0.15,=,0.0,=
373,KDG073,    105257.1+693245,1.2,0.83,3.91,-4.72,=,-3.56,=
374,LeG28,    105300.7+102245,0.68,0.5,10.4,,=,-4.3,<
375,UGC06014,    105342.7+094341,1.2,0.57,16.98,-1.95,=,-1.53,=
376,VV747,    105747.0+361539,1.1,0.56,9.2,-1.71,=,-1.85,=
377,AGC205278,    105852.1+140746,0.54,0.68,11.8,,=,-3.22,=
378,NGC3489,    110018.6+135404,3.8,0.57,12.08,-1.74,=,-1.62,=
379,LeG33,    110045.2+141020,0.35,0.55,10.4,,=,-4.64,=
380,KKSG20,    110440.6+000330,0.52,0.8,10.7,,=,-3.93,=
381,MRK0036,    110458.5+290822,0.68,0.64,8.67,-1.31,=,-1.6,=
382,UGC06145,    110535.0-015149,1.38,0.56,10.7,-3.07,<,-2.35,=
383,NGC3521sat,    110540.7+000715,2.51,0.77,10.7,,=,-4.19,<
384,NGC3521,    110548.6-000209,10.96,0.46,10.7,0.5,=,0.12,=
385,KKSG22,    110607.7-012655,0.5,0.8,10.7,,=,-4.14,<
386,NGC3556,    111131.0+554026,5.01,0.25,9.9,-0.04,=,0.1,=
387,DDO092,    111326.1+533542,1.38,0.78,9.91,-1.76,=,-1.61,=
388,LeoII,    111329.2+220917,12.02,0.87,0.25,,=,-7.29,=
389,NGC3593,    111435.9+124907,5.89,0.43,10.8,-0.55,=,-1.55,=
390,AGC202256,    111445.0+123851,0.4,0.61,11.0,,=,-2.74,=
391,IC2684,    111701.0+130559,0.81,0.75,10.3,,=,-2.83,=
392,NGC3621,    111816.1-324842,12.3,0.44,6.64,0.25,=,0.1,=
393,AGC215354,    111915.9+141725,0.5,0.6,10.28,,=,-3.47,=
394,PGC034671,    111948.6+554322,0.78,0.58,9.9,-3.24,=,-2.81,=
395,NGC3627,    112015.0+125929,10.23,0.46,11.12,0.43,=,0.26,=
396,AGC213436,    112224.0+125846,0.52,0.98,10.3,,=,-3.87,=
397,KKH67,    112303.5+211937,0.71,0.81,10.0,,=,-4.34,<
398,IC2787,    112319.1+133747,1.07,0.93,10.3,-4.51,<,,=
399,IC2791,    112337.6+125345,0.58,0.68,10.3,,=,-3.15,=
400,UGC06456,    112800.6+785929,1.48,0.53,4.63,-1.79,=,-1.89,=
401,AGC213091,    112934.6+104835,0.56,0.58,8.32,,=,-4.01,=
402,KDG078,    112954.0+522414,0.74,0.71,9.9,-4.36,<,-4.37,<
403,KKH68,    113053.3+140846,0.62,0.83,8.5,,=,-2.85,=
404,LeoV,    113109.6+021312,4.1,0.45,0.18,,=,-7.83,<
405,LeoIV,    113257.0-003200,7.3,0.78,0.16,-7.16,<,-7.86,=
406,UGC06541,    113329.1+491417,1.74,0.57,4.23,-1.98,=,-2.11,=
407,KKH69,    113453.3+110112,0.68,0.63,7.4,,=,-2.77,=
408,NGC3738,    113548.6+543122,3.39,0.73,5.3,-1.37,=,-1.26,=
409,NGC3741,    113606.4+451707,1.48,0.55,3.22,-2.39,=,-2.26,=
410,Crater,    113615.8-105240,1.08,0.92,0.17,,=,-7.89,<
411,UGC06757,    114659.1+612006,1.1,0.55,4.61,-3.78,=,-3.02,=
412,KK109,    114711.2+434019,0.45,0.67,4.51,-5.39,=,-4.12,=
413,DDO097,    114857.2+235016,1.58,0.91,13.74,-1.93,=,-1.67,=
414,KKH73,    115006.4+554700,0.69,0.94,9.0,-4.23,<,-4.48,<
415,DDO099,    115053.0+385250,4.27,0.37,2.65,-2.64,=,-2.28,=
416,Grapes,    115205.6+544732,0.27,0.74,6.85,-3.97,=,,=
417,PGC3401153,    115352.4+512938,0.42,0.59,9.12,-3.71,=,-2.92,=
418,AGC215145,    115412.5+122606,0.52,0.74,8.2,,=,-4.52,<
419,UGC06881,    115444.7+200320,1.62,0.39,16.4,,=,-1.74,=
420,PGC4561602,    115504.2+282053,0.44,0.56,5.42,,=,-4.54,=
421,KDG81,    115514.3+440900,0.88,0.89,9.66,,=,-2.57,=
422,KDG082,    115539.4+313110,1.91,0.64,16.6,-1.76,=,-1.76,=
423,NGC3990,    115735.6+552731,1.69,0.57,10.3,-4.1,<,,=
424,BTS76,    115844.1+273506,0.6,0.6,12.59,-2.97,=,-3.17,=
425,NGC4068,    120402.4+523519,2.95,0.53,4.39,-1.82,=,-1.65,=
426,NGC4080,    120451.8+265933,1.58,0.44,15.0,-1.23,=,-1.12,=
427,IC2992,    120515.9+305120,0.83,0.83,12.7,-1.77,=,-1.63,=
428,PGC4310323,    120531.0+310434,0.37,0.71,6.43,,=,-3.76,=
429,PGC4560429,    120633.5+303716,0.31,0.55,5.47,,=,-4.89,<
430,UGC07131,    120911.8+305424,1.62,0.29,16.8,,=,-1.46,=
431,NGC4136,    120917.7+295539,3.98,0.92,6.67,-1.17,=,-0.95,=
432,NGC4144,    120959.3+462726,6.17,0.21,6.89,-0.92,=,-0.81,=
433,IC3023,    121001.7+142201,1.1,0.71,17.0,,=,-1.35,=
434,N4258dwC,    121026.8+464449,0.27,0.79,7.66,,=,-4.6,<
435,NGC4150,    121033.6+302406,2.19,0.69,13.74,-2.02,=,-2.21,=
436,NGC4163,    121208.9+361010,2.19,0.84,2.99,-2.96,=,-2.4,=
437,KK127,    121322.7+295518,1.38,0.36,17.3,,=,-1.65,=
438,NGC4190,    121344.6+363800,2.14,0.88,2.83,-2.42,=,-2.22,=
439,AGC732009,    121348.4+295732,0.47,0.71,16.5,-1.95,=,-2.34,=
440,UGC07242,    121407.4+660532,1.23,0.42,5.45,-2.75,=,-2.17,=
441,VCC0114,    121435.2+054038,0.6,0.52,8.2,-3.13,=,-2.78,=
442,KDG090,    121457.9+361308,1.55,0.87,2.98,-5.1,=,-5.4,<
443,UGC7257,    121503.0+355731,1.35,0.62,12.42,-1.02,=,-1.01,=
444,NGC4204,    121514.4+203931,4.47,0.81,8.0,-1.05,=,-1.11,=
445,UGC07267,    121523.6+512100,2.09,0.32,12.9,-1.71,=,-1.39,=
446,UGC07271,    121533.4+432603,2.4,0.34,18.6,-1.45,=,-1.19,=
447,NGC4214,    121538.9+361939,8.51,0.78,2.88,-0.85,=,-0.9,=
448,VCC0169,    121556.2+093857,0.85,0.68,9.4,-3.42,=,-3.69,=
449,IC3077,    121556.3+142559,1.78,0.64,9.1,-2.87,=,-3.31,=
450,M106edgeN4217,121612.5+470804,0.88,0.95,7.7,,=,-4.6,<
451,UGC07298,    121628.6+521338,0.85,0.55,4.19,-4.25,=,-2.88,=
452,NGC4236,    121643.3+692756,21.88,0.32,4.41,-0.61,=,-0.4,=
453,UGC07320,    121728.5+444841,1.2,0.44,9.2,-2.95,=,-2.61,=
454,NGC4244,    121729.9+374827,19.5,0.11,4.31,-0.9,=,-0.5,=
455,NGC4242,    121730.2+453710,5.5,0.76,7.9,-1.05,=,-0.92,=
456,UGC7321,    121734.0+223225,6.76,0.06,17.2,-0.95,=,-0.23,=
457,KKH78,    121744.5+332043,0.45,0.63,4.7,-4.96,<,-4.95,=
458,NGC4248,    121749.9+472433,3.31,0.43,7.4,-1.92,=,-2.22,=
459,AGC229053,    121815.5+253406,0.49,0.48,17.9,,=,-2.88,=
460,KDG098,    121829.4+283845,0.76,0.93,9.0,,=,-4.11,=
461,PGC4555586,    121831.5+300340,0.64,0.63,6.85,,=,-4.07,=
462,IC3104,    121846.1-794334,3.72,0.47,2.36,-2.34,=,,=
463,BTS116,    121857.3+283311,0.92,0.56,3.18,,=,-5.32,<
464,NGC4258,    121857.5+471814,18.62,0.39,7.66,0.44,=,0.4,=
465,KK132,    121906.5+474351,0.36,0.84,7.31,,=,-5.22,=
466,KDG101,    121909.1+470523,1.29,0.59,7.28,-3.92,=,-4.49,=
467,PGC039646,    121915.6+061738,0.94,0.67,5.15,-3.22,=,-3.08,=
468,KK133,    121932.8+432311,0.47,0.68,8.32,,=,-3.1,=
469,KK134,    121933.8+472706,0.37,0.94,12.7,,=,-3.87,=
470,KK135,    121934.7+580234,0.68,0.52,6.05,-3.28,=,-3.1,=
471,IC779,    121938.7+295300,1.32,0.86,16.67,,=,-3.3,=
472,PGC213976,    121943.6+293932,0.52,0.68,6.31,,=,-4.5,=
473,VCC0381,    121954.1+063957,0.78,0.92,16.5,,=,-2.25,=
474,PGC39764,    122006.8+291651,4.2,0.92,16.07,,=,-1.33,=
475,NGC4288,    122038.1+461730,2.34,0.71,8.24,-1.23,=,-1.1,=
476,KK136,    122040.6+470003,0.47,0.87,15.63,-3.69,<,,=
477,CVnHI,    122043.4+461233,-99.99,-99.99,7.66,,=,-5.15,=
478,VCC0429,    122043.9+143752,0.65,0.59,7.1,,=,-3.13,=
479,DDO120,    122115.0+454841,2.4,0.62,7.28,-4.14,=,-1.94,=
480,PGC1853813,    122116.6+290221,0.48,0.75,6.67,,=,-3.92,=
481,KDG104,    122127.9+150128,0.81,0.67,9.4,,=,-3.38,=
482,HydraII,    122142.1-315907,3.4,0.99,0.13,,=,-7.99,<
483,KDG105,    122143.0+375914,0.83,0.59,7.6,,=,-3.3,=
484,UGC7427,    122155.0+350305,1.07,0.61,9.7,-2.17,=,,=
485,NGC4308,    122156.9+300427,0.85,0.95,14.0,,=,-3.08,=
486,KK138,    122158.4+281434,0.42,0.58,6.3,-4.66,<,-4.75,<
487,KKSG27,    122205.7-094801,0.98,0.38,6.64,,=,-2.76,=
488,GR34,    122207.6+154757,0.93,0.82,9.29,-3.45,=,-2.82,=
489,PGC4323538,    122216.7+305324,0.43,0.87,6.31,,=,-4.78,<
490,VCC0565,    122238.5+060052,0.58,0.6,9.6,-3.34,=,-2.85,=
491,KK141,    122252.7+334943,0.4,0.77,7.11,-2.76,=,-2.61,=
492,PGC40195,    122309.7+292059,1.3,0.42,6.0,,=,-4.17,=
493,IC3247,    122314.0+285338,2.34,0.17,24.4,,=,-1.28,=
494,BTS132,    122346.2+473932,0.39,0.68,7.4,,=,-4.86,=
495,BTS133,    122407.6+375935,0.48,0.69,8.99,,=,-2.71,=
496,PGC5059199,    122409.9+261352,0.12,0.22,2.7,-4.72,=,,=
497,N4258dwB,    122410.9+470723,0.45,0.64,7.66,,=,-4.61,<
498,UGC07485,    122422.2+210936,1.07,0.68,7.94,,=,-2.51,=
499,IC3308,    122517.9+264253,1.55,0.26,12.8,-1.84,=,,=
500,KK144,    122527.9+282857,1.12,0.44,6.0,-3.28,=,-2.5,=
501,UGC07512,    122541.3+020932,1.45,0.52,11.86,-2.35,=,-1.97,=
502,VCC0841,    122547.0+145707,1.1,0.49,7.9,,=,-2.91,=
503,NGC4395,    122549.8+333246,13.18,0.83,4.76,-0.75,=,-0.47,=
504,DDO123,    122608.1+581921,2.78,0.79,10.5,-1.8,>,,=
505,UGCA281,    122616.0+482931,1.05,0.75,5.7,-1.29,=,-1.78,=
506,ComaI,    122658.4+235442,9.5,0.64,0.04,,=,-9.11,<
507,DDO126,    122705.1+370833,2.88,0.63,4.97,-2.06,=,-1.85,=
508,DDO125,    122741.8+432938,3.89,0.56,2.61,-2.84,=,-2.32,=
509,UGC07584,    122802.9+223522,0.91,0.5,9.2,-2.46,=,-2.1,=
510,KKH80,    122805.4+221727,0.85,0.69,6.14,-4.21,=,-2.85,=
511,NGC4449,    122811.2+440540,6.76,0.71,4.27,-0.2,=,-0.24,=
512,DDO127,    122828.5+371400,1.62,0.5,4.72,-3.3,=,-2.29,=
513,UGC07596,    122833.9+083823,1.58,0.43,4.6,-4.06,=,-3.21,=
514,UGC07605,    122839.0+354305,1.48,0.73,4.74,-2.56,=,-2.18,=
515,NGC4455,    122844.1+224921,3.24,0.29,6.61,-1.4,=,-1.25,=
516,DDO129,    122844.2+431327,2.82,0.89,8.9,-1.47,=,-1.22,=
517,NGC4460,    122845.8+445152,4.27,0.3,9.59,-0.76,=,-1.47,=
518,KK149,    122852.3+421040,0.93,0.63,8.51,-2.53,=,-2.26,=
519,UGC07639,    122953.0+473148,2.14,0.54,7.14,-2.94,=,-1.97,=
520,UGC07636,    123001.0+075546,0.89,0.81,5.2,,=,-3.35,=
521,UGC07642,    123013.8+023730,0.95,0.64,10.0,-2.19,=,-1.95,=
522,KK151,    123023.8+425405,1.12,0.42,8.2,-2.77,=,-2.25,=
523,NGC4485,    123031.2+414200,2.34,0.7,8.91,-0.7,=,-0.62,=
524,AGC229379,    123034.0+231220,0.27,0.73,6.4,,=,-4.2,=
525,NGC4490,    123036.4+413837,6.31,0.49,8.91,0.28,=,0.08,=
526,AGC724906,    123056.0+263040,0.38,0.91,7.55,-4.42,=,-3.18,=
527,DDO131,    123158.6+294235,1.15,0.76,7.35,-2.18,=,-2.03,=
528,UGC07678,    123200.4+394955,1.64,0.54,9.08,-1.69,=,-1.5,=
529,ComaP,    123210.3+202524,1.02,0.31,10.9,,=,-2.79,=
530,UGC07690,    123226.9+424215,2.09,0.79,8.91,-1.4,=,-1.17,=
531,AGC229089,    123236.0+331325,0.83,0.57,6.73,,=,-2.67,=
532,NGC4517,    123245.5+000654,12.02,0.13,8.36,-0.12,=,-0.68,=
533,UGC07699,    123248.0+373718,3.98,0.27,14.5,-0.87,=,-0.46,=
534,DDO133,    123253.0+313221,3.55,0.69,4.88,-1.99,=,-1.73,=
535,NGC4509,    123306.8+320530,0.91,0.76,10.1,-1.21,=,-1.26,=
536,BTS142,    123307.4+380658,0.33,0.98,10.0,,=,-3.27,=
537,KDG155,    123308.0-003159,1.2,0.74,8.11,,=,-3.52,=
538,KK152,    123324.9+332105,1.07,0.43,9.77,-2.72,=,-2.18,=
539,PGC041749,    123352.7+393733,0.92,0.37,8.24,-2.64,=,-2.11,=
540,UGC7719,    123400.6+390110,2.14,0.29,9.2,-1.77,=,-1.69,=
541,NGC4534,    123405.5+353106,3.02,0.66,9.8,-0.96,=,-0.73,=
542,UGC07748,    123438.4+682025,1.13,0.59,8.7,,=,-1.88,=
543,UGC7751,    123511.8+410339,1.21,0.34,7.9,-3.09,=,-2.43,=
544,NGC4559,    123557.7+275735,10.96,0.41,8.91,0.14,=,0.19,=
545,UGC07774,    123622.5+400019,3.16,0.16,22.6,-1.04,=,-0.55,=
546,VCC1675,    123635.0+080317,1.41,0.61,7.5,-3.14,=,-2.51,=
547,IC3583,    123643.5+131534,2.88,0.52,9.51,-1.63,=,-1.24,=
548,IC3591,    123703.0+065536,1.29,0.6,9.8,-1.19,=,-1.58,=
549,AGC220847,    123714.0+293751,0.81,0.55,9.18,,=,-2.44,=
550,KKSG29,    123714.1-102951,1.41,0.43,9.82,,=,-2.7,=
551,Arp211,    123721.3+384443,0.85,0.57,6.14,-2.61,=,-1.98,=
552,VCC1713,    123729.1+044505,0.58,0.59,7.2,-3.66,=,-2.6,=
553,KKSG30,    123735.9-085202,0.87,0.5,9.1,,=,-2.74,=
554,VCC1725,    123741.2+083333,1.17,0.54,8.5,-2.1,=,-1.66,=
555,KKSG31,    123833.7-102925,0.79,0.88,9.55,,=,-4.36,<
556,UGCA292,    123840.0+324600,1.02,0.7,3.85,-2.48,=,-2.53,=
557,N4594DW1,    123915.3-114308,0.78,0.58,9.42,,=,-3.81,<
558,UGC07827,    123938.9+444915,1.25,0.58,8.5,-1.87,=,-2.08,=
559,SombreroDwA,    123951.5-112029,0.22,0.95,9.55,,=,-4.29,<
560,KKSG32,    123955.0-114448,0.6,0.83,9.55,,=,-4.72,=
561,KDG177,    123958.5+134653,0.89,0.51,17.0,,=,-2.04,=
562,NGC4594,    123959.1-113723,11.75,0.51,9.55,-1.0,=,-0.51,=
563,NGC4605,    124000.3+613629,6.17,0.37,5.55,-0.66,=,-0.77,=
564,AGC749241,    124001.7+261919,0.34,0.84,5.62,-4.79,<,-3.54,=
565,BTS146,    124002.1+380002,0.34,0.55,8.5,-4.62,=,-3.44,=
566,SUCD1,    124003.1-114004,0.1,0.96,9.55,,=,-4.43,<
567,KKSG33,    124008.9-122153,0.5,0.99,9.55,-3.42,<,-4.31,<
568,KDG178,    124010.0+323931,1.12,0.57,7.3,-3.51,=,-2.64,=
569,NGC4597,    124012.9-054757,5.56,0.46,10.1,-0.75,=,-0.7,=
570,NGC4600,    124023.0+030704,1.62,0.67,9.29,-1.92,=,-3.34,=
571,PGC4074723,    124029.9+472204,0.39,0.7,3.56,,=,-3.86,=
572,NGC4631dw1,    124057.0+324733,2.2,0.6,7.4,,=,-4.26,=
573,SombreroDwB,    124112.0-115333,0.44,0.9,9.55,,=,-4.14,<
574,KKSG34,    124118.9-115539,0.69,0.88,9.55,,=,-4.33,<
575,NGC4618,    124132.8+410903,4.17,0.76,7.66,-0.58,=,-0.54,=
576,AGC224291,    124139.2+015017,0.5,0.71,8.28,,=,-2.84,=
577,NGC4625,    124152.7+411626,1.66,0.78,11.75,-0.89,=,-0.84,=
578,NGC4627,    124159.7+323425,1.82,0.69,7.3,-4.24,=,-2.43,=
579,NGC4631dw2,    124206.8+323715,0.9,0.9,7.4,,=,-4.51,=
580,NGC4631,    124208.0+323229,16.6,0.17,7.35,0.48,=,0.76,=
581,N4625A,    124211.0+411510,0.45,0.86,7.9,,=,-4.56,<
582,IC3687,    124215.1+383007,5.13,0.88,4.57,-1.89,=,-1.75,=
583,PGC042730,    124248.9-122327,2.1,0.67,9.55,,=,-4.32,<
584,NGC4631dw3,    124252.5+322735,0.6,0.85,7.4,,=,-4.63,<
585,PGC42772,    124307.1+322927,0.46,0.57,8.02,,=,-2.32,=
586,BTS151,    124324.6+322856,0.78,0.61,7.35,,=,-4.63,<
587,KDG192,    124345.0+535732,1.07,0.63,7.83,-2.6,=,-2.37,=
588,KK160,    124357.4+433941,0.59,0.75,4.33,-4.88,=,-4.43,=
589,NGC4656,    124357.6+321013,12.88,0.15,7.98,-0.18,=,0.33,=
590,NGC4656UV,    124415.7+321700,5.95,0.64,7.98,-2.31,=,-0.77,=
591,DDO143,    124425.1+342311,2.24,0.36,9.1,-1.63,=,-1.6,=
592,UGCA294,    124438.1+282821,1.1,0.57,9.9,-1.73,>,-1.57,=
593,IC3718,    124446.0+122105,2.57,0.3,6.8,-2.74,<,-2.81,=
594,AGC227970,    124601.4+042252,0.68,0.33,8.9,,=,-2.6,=
595,VCC2033,    124604.5+082835,0.55,0.91,9.8,-2.29,=,-2.11,=
596,VCC2037,    124615.3+101212,1.2,0.46,9.64,-2.54,=,-2.33,=
597,UGCA298,    124655.4+263351,0.89,0.78,11.0,-1.65,=,-2.23,=
598,UGC07950,    124656.4+513647,1.38,0.74,8.9,-1.91,=,-1.41,=
599,DDO147,    124659.8+362835,1.45,0.79,3.01,-3.31,=,-2.64,=
600,FGC1497,    124700.6+323905,1.07,0.17,23.4,,=,-1.94,=
601,NGC4688,    124746.5+042010,3.53,0.87,6.7,,=,-1.41,=
602,KK164,    124759.6+042600,1.04,0.58,6.71,,=,-2.43,=
603,NGC4707,    124822.9+510953,2.09,0.8,6.52,-1.9,=,-1.61,=
604,DDO148,    124843.1-051514,2.34,0.74,9.0,-2.96,=,-2.16,=
605,KK165,    124852.7+315813,0.72,0.93,7.98,,=,-4.61,<
606,NGC4700,    124907.6-112441,4.07,0.21,7.3,-1.74,=,-0.86,=
607,KK166,    124913.3+353645,0.6,0.59,4.39,-4.88,=,-5.09,<
608,UGC07983,    124947.0+035032,0.81,0.68,5.15,,=,-2.88,=
609,UGC07990,    125027.2+282110,1.17,0.52,20.4,-2.39,=,,=
610,NGC4736,    125053.5+410710,15.14,0.81,4.41,-0.43,=,-0.53,=
611,BTS157,    125113.3+470415,0.52,0.82,9.04,,=,-3.68,=
612,KK167,    125144.4+260638,0.85,0.72,9.2,,=,-2.25,=
613,IC3840,    125146.1+214407,0.95,0.48,5.97,-3.03,=,-2.62,=
614,NGC4765,    125314.4+042747,1.86,0.73,5.65,-1.56,=,-1.58,=
615,PGC3272767,    125316.8-051813,0.15,0.88,5.08,,=,-4.38,=
616,KKSG38,    125331.6-055540,0.87,0.46,10.4,,=,-2.26,=
617,KKSG39,    125341.9-060502,0.8,0.75,6.8,,=,-4.21,=
618,DDO153,    125357.5-120631,2.54,0.31,8.0,-1.46,=,-1.49,=
619,DDO154,    125405.2+270855,2.14,0.73,4.04,-2.52,=,-1.91,=
620,UGC08030,    125429.4+261818,1.23,0.56,15.3,,=,-2.15,=
621,KDG215,    125540.5+191233,1.17,0.54,4.83,-4.8,<,-3.33,=
622,KDG216,    125625.0+150509,1.12,0.86,6.0,,=,-4.8,<
623,UGC08061,    125643.4+115552,0.83,0.8,12.59,-2.44,=,-2.12,=
624,NGC4826,    125644.2+214105,13.8,0.52,4.41,-0.64,=,-1.03,=
625,CVnII,    125710.0+341915,2.5,0.61,0.16,,=,-7.36,=
626,GR8,        125840.4+141303,1.66,0.91,2.19,-2.67,=,-2.62,=
627,NGC4861,    125902.0+345137,3.63,0.38,9.95,-0.25,=,-0.59,=
628,KK176,    125956.3-192447,1.48,0.58,7.28,,=,-2.9,=
629,UGC08105,    125958.1+020258,1.43,0.68,9.99,-1.51,=,-2.24,=
630,PGC1059300,    130000.3-042138,0.9,0.61,3.65,,=,-3.24,=
631,UGCA319,    130214.4-171415,1.26,0.69,5.75,-3.3,=,-2.29,=
632,KK177,    130241.9+215951,0.78,0.91,4.83,,=,-4.93,<
633,DDO161,    130316.8-172523,7.94,0.13,6.03,-1.28,=,-1.05,=
634,KK180,    130429.9+174532,0.89,0.69,4.4,,=,-5.06,<
635,KK182,    130502.9-400458,0.91,0.6,5.94,-3.26,=,-2.56,=
636,NGC4945,    130526.1-492816,28.18,0.19,3.47,-0.03,=,,=
637,KDG218,    130544.0-074520,1.82,0.71,12.59,,=,-4.05,=
638,IC4182,    130549.3+373621,6.61,0.92,4.35,-1.6,=,-1.28,=
639,DDO165,    130626.8+674215,4.07,0.54,4.83,-2.58,=,-1.66,=
640,UGC08215,    130803.6+464941,0.85,0.7,4.57,-3.46,=,-2.95,=
641,UGC08245,    130834.2+785613,2.14,0.41,4.72,-3.02,=,-2.46,=
642,NGC5023,    131211.9+440219,7.24,0.11,6.05,-1.31,=,-0.96,=
643,NGC5055dwTBG1,131218.9+415837,0.52,0.78,9.0,,=,-4.45,<
644,KK189,    131245.0-414955,0.6,0.67,4.23,-5.26,<,-4.79,<
645,KKH82,    131258.7+414712,1.15,0.79,7.48,-4.32,=,-3.61,=
646,NGC5011C,    131311.9-431556,1.17,0.66,3.73,,=,-3.36,=
647,DDO167,    131322.8+461911,1.1,0.55,4.25,-2.87,=,-2.49,=
648,KK191,    131339.7+420239,0.42,0.96,8.28,-4.46,<,-4.68,=
649,UGC08313,    131353.9+421231,2.11,0.31,9.04,-1.54,=,-1.69,=
650,DDO168,    131428.6+455510,3.89,0.39,4.25,-2.13,=,-1.77,=
651,DDO169NW,    131519.2+473218,0.78,0.71,4.33,-3.58,=,-2.99,=
652,DDO169,    131530.7+472947,2.95,0.33,4.41,-2.7,=,-2.22,=
653,KK193,    131531.2+413005,0.56,0.91,9.04,,=,-4.9,=
654,NGC5055,    131549.3+420145,16.22,0.57,9.04,0.21,=,0.11,=
655,KK194,    131719.5+442348,0.63,0.58,9.04,,=,-3.85,=
656,AGC239141,    131740.8+352759,0.32,0.58,3.75,,=,-3.84,=
657,NGC5068,    131855.3-210221,10.0,0.88,5.15,-0.32,=,-0.54,=
658,AGC732602,    132104.8+240836,0.62,0.43,8.2,,=,-2.7,=
659,KK195,    132108.2-313147,0.71,0.46,5.22,-5.13,<,-3.15,=
660,KK196,    132147.1-450348,0.87,0.77,3.96,,=,-3.35,=
661,NGC5102,    132157.8-363747,13.49,0.32,3.66,-1.99,=,,=
662,KK197,    132201.8-423208,1.58,0.78,3.84,-5.31,<,-4.74,<
663,KK198,    132256.1-333422,0.5,0.83,4.9,-3.17,<,-2.2,=
664,PGC725719,    132256.8-294419,0.81,0.21,4.41,,=,-3.79,=
665,KK200,    132436.0-305820,1.1,0.62,4.76,-4.26,=,-3.09,=
666,NGC5128,    132528.9-430100,34.67,0.78,3.68,-0.06,=,-0.65,=
667,UCD320,    132552.7-425413,0.09,0.65,3.7,,=,-4.97,<
668,UCD330,    132554.3-410035,0.07,0.95,3.7,,=,-4.95,<
669,IC4247,    132644.4-302145,1.66,0.38,5.18,-2.78,=,-2.18,=
670,KK203,    132728.1-452109,0.5,0.99,3.77,,=,-4.93,<
671,PGC2229803,    132753.1+434855,0.67,0.65,6.58,-3.27,=,-2.97,=
672,CVnI,    132803.5+333321,14.3,0.61,0.22,-7.62,<,-7.67,<
673,PGC170257,    132921.0-211045,0.93,0.75,4.9,,=,-2.51,=
674,NGC5204,    132936.4+582504,5.13,0.6,4.59,-1.12,=,-0.98,=
675,NGC5194,    132952.7+471404,15.85,0.85,8.4,0.46,=,0.29,=
676,NGC5195,    132958.7+471605,6.92,0.92,7.66,-0.54,=,-1.05,=
677,UGC08508,    133044.4+545436,2.14,0.59,2.67,-2.66,=,,=
678,AGC238890,    133230.3+250725,0.83,0.63,5.08,-4.15,=,,=
679,UGCA361,    133236.2+494949,0.98,0.59,8.4,-4.43,<,-4.08,=
680,NGC5206,    133343.9-480904,3.72,0.86,3.21,-4.4,<,,=
681,NGC5229,    133402.9+475455,3.39,0.13,8.4,-1.54,=,-1.41,=
682,NGC5238,    133442.7+513650,2.09,0.82,4.51,-1.96,=,-1.99,=
683,UGCA365,    133630.8-291411,1.58,0.42,5.42,-4.42,=,-2.77,=
684,KK208,    133635.5-293415,5.89,0.42,5.01,-5.18,<,-5.16,=
685,NGC5236,    133700.1-295204,18.62,0.89,4.9,0.44,=,0.2,=
686,NGC5237,    133738.9-425051,2.0,0.84,3.33,-2.26,=,-2.38,=
687,UGC08638,    133919.4+244633,1.66,0.67,4.29,-2.42,=,-2.26,=
688,UGC08647,    133948.0+311725,1.21,0.26,8.6,-2.44,=,-2.43,=
689,DDO181,    133953.8+404421,2.4,0.57,3.1,-2.61,=,-2.47,=
690,NGC5253,    133955.8-313824,6.92,0.38,3.44,-0.64,=,-1.09,=
691,IC4316,    134018.1-285340,2.04,0.63,4.35,-2.63,=,-2.38,=
692,NGC5264,    134137.0-295450,3.47,0.6,4.79,-1.92,=,-1.83,=
693,KK211,    134205.6-451218,1.2,0.87,3.68,-5.39,<,-4.92,<
694,DDO182,    134232.6+393930,1.32,0.74,8.9,-2.11,=,-1.72,=
695,KK213,    134335.8-434609,0.48,0.5,3.77,-5.38,<,,=
696,KK218,    134639.5-295845,0.81,0.45,4.94,-5.18,<,-4.83,<
697,DDO183,    135051.1+380116,2.4,0.32,3.31,-3.12,=,-2.52,=
698,KDG229,    135341.6+600304,0.85,0.57,15.0,,=,-4.28,=
699,KKH86,    135433.6+041435,0.85,0.71,2.61,-6.04,=,-4.17,=
700,HolmIV,    135445.1+535417,4.07,0.3,7.24,-1.68,=,,=
701,UGC08833,    135448.7+355015,1.17,0.89,3.25,-3.34,=,-2.85,=
702,M101Dw9,    135544.6+550845,0.26,0.78,7.73,,=,-4.62,<
703,KK227,    135610.1+401812,0.71,0.81,9.04,,=,-4.48,<
704,BootesIII,    135712.0+264800,56.0,0.65,0.05,,=,-9.0,<
705,UGC08882,    135714.6+540603,1.07,0.73,8.32,-4.37,=,-4.15,=
706,BootesII,    135808.0+125054,6.7,0.73,0.04,,=,-8.9,=
707,BootesI,    140005.0+143015,20.0,0.61,0.07,,=,-8.73,<
708,NGC5398,    140122.2-330352,3.55,0.52,11.64,-1.05,<,-0.73,=
709,M101Dw10,    140140.4+550057,0.15,0.84,27.9,,=,-3.5,<
710,MESSIER101,    140312.8+542102,30.2,0.93,6.95,0.46,=,0.52,=
711,NGC5408,    140321.5-412235,2.82,0.42,5.32,-0.83,=,,=
712,M101dwD,    140424.6+531619,0.38,0.83,27.9,,=,-3.5,<
713,PGC2448110,    140457.8+534129,0.23,0.94,6.98,-1.92,=,-2.82,=
714,NGC5474,    140502.1+533947,4.79,0.9,6.98,-0.89,=,-0.69,=
715,M101dwC,    140518.0+545356,0.3,0.78,27.9,,=,-3.49,<
716,NGC5477,    140533.1+542739,2.04,0.76,6.76,-1.62,=,-1.51,=
717,KK230,    140710.7+350337,0.76,0.83,2.21,-5.47,=,-3.78,=
718,M101Dw7,    140721.0+550351,0.16,0.71,6.95,,=,-4.68,<
719,M101dwB,    140843.1+550957,0.3,0.8,27.9,,=,-3.48,<
720,M101Dw11,    141004.8+541529,0.14,0.9,27.9,,=,-3.48,<
721,M101Dw14,    141103.2+535650,0.19,0.69,27.9,,=,-3.49,<
722,CIRCINUS,    141309.3-652021,6.92,0.43,4.2,0.04,=,,=
723,KKH87,    141509.4+570515,1.12,0.37,8.87,-2.54,=,-2.24,=
724,DDO187,    141556.5+230319,1.7,0.76,2.3,-3.97,=,-2.98,=
725,KKR08,    141914.8+030726,0.56,0.82,15.0,,=,-3.95,<
726,NGC5585,    141948.3+564349,5.89,0.64,5.7,-1.08,=,-0.8,=
727,DDO190,    142443.5+443133,2.4,0.89,2.83,-2.63,=,-2.24,=
728,PGC051659,    142803.7-461806,1.86,0.38,3.61,-3.59,=,,=
729,DDO194,    143524.6+571524,2.14,0.35,5.81,-3.35,=,-2.37,=
730,MRK0475,    143905.4+364822,0.45,0.75,9.2,-1.5,=,-2.24,=
731,KKR11,    144444.2+553517,0.68,0.72,10.0,,=,-2.73,=
732,UGC09540,    144852.0+344243,0.76,0.8,9.3,-2.06,=,-2.1,=
733,UGC09660,    150109.3+444153,1.2,0.49,10.76,-1.56,=,-1.48,=
734,UMin,    150911.3+671252,30.2,0.44,0.06,,=,-8.76,<
735,KKR18,    151754.5+161844,0.7,0.9,9.2,,=,-2.1,=
736,UGC09893,    153257.1+462709,1.25,0.45,10.2,-2.79,=,-1.86,=
737,UGC09992,    154147.8+671515,1.66,0.61,11.27,-1.93,=,-1.64,=
738,PGC057323,    160936.8-043716,1.05,0.62,10.7,,=,-1.46,=
739,KKR25,    161347.6+542216,1.1,0.59,1.91,-5.09,=,,=
740,Hercules,    163103.6+124724,13.5,0.33,0.15,,=,-7.88,<
741,KDG235,    170025.3+701724,1.29,0.81,10.6,-2.74,=,-2.48,=
742,Draco,    172001.4+575434,35.48,0.69,0.08,,=,-8.52,<
743,MilkyWay,    174540.0-290028,-99.99,-99.99,0.01,,=,1.65,=
744,IC4662,    174706.3-643825,2.82,0.57,2.55,-1.12,=,-1.37,=
745,NGC6503,    174927.6+700841,7.08,0.34,6.25,-0.37,=,-0.56,=
746,NGC6503,    175248.4+700814,0.52,0.61,6.25,-0.37,=,-0.56,=
747,IC4710,    182838.0-665856,3.72,0.78,7.38,-0.87,=,-0.86,=
748,NGC6744dwTBGa,190556.0-631619,0.42,0.95,9.5,,=,-4.52,<
749,UGC11411,    190842.3+701702,0.79,0.7,6.58,-1.72,=,-1.84,=
750,NGC6744,    190945.9-635128,21.38,0.65,9.51,0.35,=,0.54,=
751,BedinI,    191045.8-595502,0.33,0.4,8.71,,=,-4.38,<
752,NGC6744dwTBGb,191246.8-633949,0.22,0.85,9.5,,=,-4.33,<
753,NGC6789,    191641.8+635822,1.41,0.77,3.55,-2.61,=,-2.6,=
754,SagdIr,    192959.0-174041,2.88,0.72,1.08,-4.04,=,-3.11,=
755,IC4870,    193737.6-654843,1.74,0.56,8.51,-1.32,=,-1.19,=
756,NGC6822,    194457.7-144811,19.05,0.87,0.52,-1.9,=,-1.78,=
757,KK246,    200357.4-314054,0.91,0.42,6.85,,=,-2.54,=
758,IC4951,    200931.8-615102,3.24,0.18,9.8,-1.4,=,-1.13,=
759,UGC11583,    203015.3+602625,2.19,0.24,7.73,-2.49,=,,=
760,KK251,    203032.0+602113,1.58,0.5,7.73,-2.48,=,,=
761,KK252,    203132.6+604848,0.89,0.99,7.73,-2.62,=,,=
762,NGC6946,    203451.1+600915,14.79,0.85,7.73,0.63,=,0.51,=
763,KKR55,    204520.8+602440,0.6,0.67,7.73,-1.93,=,,=
764,DDO210,    204651.8-125053,2.63,0.5,0.98,-5.34,=,-3.86,=
765,KKR56,    204824.1+583706,0.71,0.64,7.73,-2.57,=,,=
766,Cepheus1,    205109.7+565324,3.02,0.5,7.73,-1.54,=,,=
767,IC5052,    205206.2-691214,8.13,0.14,5.5,-1.12,=,-0.83,=
768,KKR59,    210324.2+571714,2.29,0.61,7.73,-1.17,=,,=
769,KKR60,    210553.0+571219,0.71,0.7,7.73,-1.34,=,,=
770,Segue3,    212131.0+190702,1.3,0.7,0.02,-9.86,<,-9.67,<
771,NGC7090,    213628.6-543326,10.23,0.18,9.51,-0.31,=,-0.37,=
772,IC5152,    220241.9-511743,7.08,0.62,1.96,-2.23,=,-1.55,=
773,IC5201,    222057.4-460203,8.71,0.46,8.8,-0.68,=,-0.37,=
774,PegasusIII,    222422.6+052512,3.7,0.6,0.21,-7.54,<,,=
775,AndXXVIII,    223241.2+311258,1.7,0.66,0.65,-6.6,<,,=
776,Aquarius2,    223355.5-091939,10.2,0.61,0.11,,=,-7.68,=
777,DDO215,    223908.8-044537,1.75,0.34,8.6,,=,-2.01,=
778,KK258,    224043.9-304759,1.7,0.5,2.24,-4.68,=,-4.48,=
779,Tucana,    224149.0-642512,2.88,0.41,0.92,,=,-6.0,=
780,LacI,    225816.3+411728,8.4,0.57,0.76,-6.42,<,,=
781,PiscesII,    225831.0+055709,1.8,0.69,0.18,-7.5,=,-7.56,=
782,NGC7462,    230247.2-405006,5.5,0.17,10.1,,=,-0.4,=
783,ApplesI,    231503.3-423222,0.1,0.73,8.32,,=,-4.54,<
784,NGC7640,    232206.6+405044,10.47,0.19,8.43,-0.45,=,,=
785,UGC12588,    232442.4+412053,1.86,0.82,8.43,-1.28,=,,=
786,UGCA438,    232627.5-322326,2.14,0.8,2.22,-3.84,=,-2.65,=
787,CasdSph,    232631.8+504032,3.02,0.87,0.82,-6.11,=,-5.95,<
788,Pegasus,    232834.1+144448,5.5,0.54,0.97,-4.37,=,-3.54,=
789,DDO217,    232958.7+405925,5.25,0.62,8.55,-1.18,=,-1.09,=
790,IC5332,    233427.5-360606,8.32,0.87,7.8,-0.39,=,-0.26,=
791,NGC7713,    233615.0-375620,6.76,0.41,7.8,-0.64,=,,=
792,UGC12713,    233814.5+304233,1.78,0.47,12.2,-1.61,=,-1.57,=
793,PGC680341,    234147.5-330841,0.44,0.54,6.08,,=,-2.89,=
794,UGCA442,    234346.0-315733,6.31,0.14,4.37,-2.18,=,-1.84,=
795,KKH98,    234534.0+384304,1.05,0.55,2.58,-3.57,=,-3.27,=
796,PegdSph,    235147.3+243453,3.98,0.59,0.82,-6.37,=,-6.38,<
797,AndXXI,    235447.7+422815,8.2,0.64,0.86,-6.31,<,-6.24,<
798,NGC7793,    235749.4-323524,14.13,0.68,3.63,-0.45,=,-0.42,=
799,AndXXIX,    235855.6+304520,2.7,0.65,0.73,-6.54,=,-6.54,<
